Date,Search Query
2023-12-31 23:27:42,How to create a stunning Instagram feed
2024-01-01 0:12:13,DIY natural remedies for common ailments
2024-01-02 13:39:19,How to create a personalized workout playlist
2024-01-02 15:41:02,Top 10 iconic landmarks to visit around the world
2024-01-03 12:06:52,Best at-home workouts for beginners
2024-01-04 10:50:02,Benefits of practicing gratitude daily
2024-01-04 15:58:04,Climate change mitigation efforts worldwide
2024-01-05 7:43:29,Exploring the benefits of mindful eating
2024-01-05 18:26:04,Quick and easy dessert recipes for a sweet tooth
2024-01-06 2:15:33,Maximizing productivity while working from home
2024-01-06 2:21:36,Disadvantages of welfare state
2024-01-06 4:16:18,Guide to planning a simple picnic with friends
2024-01-06 10:24:16,How to host a virtual trivia night with friends
2024-01-07 2:24:54,Fact-checking resources for journalists
2024-01-07 2:40:34,Effective networking for journalists
2024-01-07 8:24:38,Enhancing creativity through exercise and nutrition
2024-01-07 14:51:25,Luxury features in modern homes
2024-01-07 21:58:53,Benefits of incorporating yoga into your daily routine
2024-01-08 0:32:07,How to create a cozy reading nook at home
2024-01-08 1:23:53,Interesting facts about space exploration
2024-01-08 6:46:40,Guide to planning a surprise birthday party
2024-01-08 8:01:48,Quick and easy dinner recipes with minimal ingredients
2024-01-08 18:09:01,Exploring the benefits of outdoor workouts
2024-01-08 19:01:57,Latest celebrity gossip and news
2024-01-09 7:13:52,Guide to brewing the perfect cup of tea
2024-01-09 8:28:02,How to make your own natural cleaning supplies
2024-01-09 15:27:38,Quick and easy dessert recipes for sweet cravings
2024-01-10 6:44:35,Top 10 must-visit national parks in the world
2024-01-10 9:59:40,Visual design principles enhancing online content presentation
2024-01-10 14:15:16,How to take care of indoor plants
2024-01-11 0:07:11,Best strategies for time management and productivity
2024-01-11 15:50:03,Best board games for a family game night
2024-01-12 0:08:57,How to start a fitness journey as a beginner
2024-01-12 6:20:54,Exploring the world of street photography
2024-01-12 9:29:01,How to make the perfect cup of coffee at home
2024-01-12 10:43:52,Training programs for running faster
2024-01-12 11:15:09,Simple home exercises for improving flexibility
2024-01-12 20:34:09,DIY home organization tips for small apartments
2024-01-12 23:26:34,DIY home decor projects for fall
2024-01-13 1:29:08,How to organize a last-minute picnic
2024-01-13 2:55:48,Simple ways to boost your mood instantly
2024-01-13 9:53:26,Best ways to stay connected with loved ones
2024-01-13 20:32:06,Assessing the impact of globalization on economies
2024-01-13 23:53:33,Promoting diversity and inclusion in newsrooms
2024-01-14 0:32:54,Best Netflix shows for a cozy night in
2024-01-14 4:20:18,Popular online platforms for learning coding
2024-01-15 18:05:44,How to make your own homemade cleaning solutions
2024-01-15 18:28:36,Healthy meal plans for athletes
2024-01-15 22:43:35,Guide to creating a minimalist wardrobe
2024-01-16 13:11:09,How to make your own homemade ice cream
2024-01-17 1:51:31,Simple skincare routine for oily skin
2024-01-17 5:18:57,Quick and healthy lunch ideas for work
2024-01-17 15:23:59,Popular DIY home improvement projects
2024-01-17 18:06:32,Popular dance tutorials on YouTube
2024-01-18 15:05:42,The role of media in promoting democracy
2024-01-19 4:29:37,Best ways to organize your digital files and documents
2024-01-19 15:13:07,Exploring the world of DIY natural beauty products
2024-01-19 16:00:20,Popular websites for learning coding online
2024-01-20 2:55:31,How to start a YouTube channel for beginners
2024-01-20 4:34:28,Benefits of incorporating mindfulness in parenting
2024-01-21 1:45:33,Tips for creating a productive home office setup
2024-01-21 4:42:51,How to organize a virtual game tournament
2024-01-21 7:25:56,Longform narrative styles engaging readers effectively
2024-01-21 11:33:55,Popular websites for free online courses
2024-01-21 15:48:08,Guide to decluttering and organizing your living space
2024-01-22 0:57:21,How to create a personal blog for sharing stories
2024-01-23 1:47:36,Cool gadgets and tech accessories under $50
2024-01-23 4:47:23,How to take the perfect selfie
2024-01-23 7:03:42,Quick and easy recipes for homemade face masks
2024-01-23 10:23:13,How to master the art of hand lettering
2024-01-24 3:12:42,Popular mobile apps for mental health and mindfulness
2024-01-24 4:59:47,Quick cleaning hacks for a tidy home
2024-01-24 13:41:51,DIY natural remedies for common cold and flu
2024-01-24 15:36:43,Guide to creating a stunning Instagram feed
2024-01-25 0:13:40,Best apps for learning a new language casually
2024-01-25 2:45:26,How to create a visually appealing social media feed
2024-01-25 11:51:04,Top 10 trending songs on music streaming platforms
2024-01-25 21:04:33,Guide to growing your own indoor herb garden
2024-01-26 5:37:27,Football training drills for dribbling skills
2024-01-26 16:51:05,How to brew the perfect cup of tea at home
2024-01-27 3:43:23,Best ways to support local businesses in your community
2024-01-27 6:15:28,Best at-home workout equipment for beginners
2024-01-27 7:12:12,How to make a signature cocktail for parties
2024-01-27 8:06:15,Popular online courses for creative writing
2024-01-27 13:24:43,Guide to creating a successful podcast series
2024-01-27 15:59:54,Best budget-friendly meal prep ideas
2024-01-27 19:26:59,Best strategies for effective communication in relationships
2024-01-27 22:18:59,How to create a budget for beginners
2024-01-28 3:21:47,Popular online forums for casual discussions
2024-01-28 5:27:01,How to create a cozy reading corner at home
2024-01-28 13:15:39,Guide to hosting a virtual paint and sip party
2024-01-28 16:43:20,Best books on personal development and growth
2024-01-28 19:20:52,Best at-home science experiments for kids
2024-01-30 9:47:12,Tips for maintaining work-life balance while working remotely
2024-01-31 9:12:19,How to create a stunning PowerPoint presentation
2024-01-31 17:57:41,Guide to planning a themed dinner party
2024-01-31 19:54:24,Popular online courses for learning photography
2024-01-31 22:16:43,Popular recipe ideas for homemade pizza
2024-02-01 1:54:21,How to make a personalized photo album
2024-02-01 14:10:13,Guide to hosting a virtual game night
2024-02-01 18:51:35,How to start a book club with friends
2024-02-01 21:56:48,Best tips for growing your own vegetables
2024-02-02 5:15:02,How to create a stylish and functional home office
2024-02-02 9:02:26,Guide to starting a backyard vegetable garden
2024-02-02 12:52:28,Best podcasts for learning about history
2024-02-03 23:29:17,Guide to hosting a virtual movie night
2024-02-04 8:20:28,Funny dog videos to brighten your day
2024-02-04 17:40:40,Tips for capturing great photos with a smartphone
2024-02-05 6:04:34,Funny cat videos compilation
2024-02-05 19:02:56,Impactful storytelling methods in journalism
2024-02-05 22:52:56,Advanced journalistic writing techniques
2024-02-06 5:21:01,Guide to understanding different meditation techniques
2024-02-06 20:26:36,How to start a YouTube cooking channel
2024-02-07 6:34:26,Quick and healthy breakfast ideas for a busy morning
2024-02-07 23:41:42,Popular mobile games for killing time
2024-02-08 3:53:49,Simple tips for better posture and ergonomics
2024-02-08 9:32:44,How to host a virtual game night with friends
2024-02-08 14:23:50,Tips for creating engaging content on social media
2024-02-09 13:17:58,Guide to planning a virtual baby shower
2024-02-09 18:00:42,How to start a small herb garden on your windowsill
2024-02-09 21:04:59,Technological advancements transforming transportation industry
2024-02-10 0:17:13,Planning finances as a future car owner
2024-02-10 19:03:12,Top 10 most popular TV shows of all time
2024-02-10 22:53:16,Top 10 trending fashion styles for the season
2024-02-10 23:04:02,Latest UEFA Champions League results
2024-02-11 9:55:29,Top 10 classic novels everyone should read
2024-02-11 9:59:35,DIY home decor projects with household items
2024-02-12 18:23:11,Popular mobile apps for language translation
2024-02-13 5:45:43,Guide to choosing the right indoor plants for your space
2024-02-13 13:04:52,DIY home decor projects using recycled materials
2024-02-13 17:45:58,Top 10 feel-good movies to watch on a lazy day
2024-02-13 18:04:32,Tips for maintaining a fitness routine while traveling
2024-02-15 2:13:53,Top 10 classic movies everyone should watch
2024-02-16 1:27:47,How to start a DIY home improvement project
2024-02-16 18:02:47,Benefits of free markets
2024-02-16 18:13:00,Best online resources for learning photography
2024-02-17 0:59:06,DIY organization ideas for decluttering your home
2024-02-17 7:09:25,DIY hair coloring tips for beginners
2024-02-17 12:13:32,DIY home organization hacks
2024-02-17 15:02:43,Tips for successful online dating
2024-02-17 15:12:22,Tips for hosting a successful virtual birthday celebration
2024-02-17 16:40:53,How to make the perfect grilled cheese sandwich
2024-02-17 23:32:30,How to create a successful morning routine
2024-02-18 0:00:25,Quick and easy dinner recipes for picky eaters
2024-02-18 3:21:25,Popular YouTube channels for home workouts
2024-02-19 22:28:10,Best ways to reduce screen time for better sleep
2024-02-20 1:33:42,How to create a budget-friendly travel itinerary
2024-02-20 14:24:40,Regenerative agriculture practices reducing carbon footprint
2024-02-20 15:11:31,Fitness routines for weight loss
2024-02-20 17:38:31,Balancing objectivity and advocacy in reporting social justice issues
2024-02-21 2:50:05,Tips for working from home with kids around
2024-02-21 6:18:59,Investment strategies for long term growth
2024-02-22 3:24:20,Best strategies for digital detox and unplugging
2024-02-22 6:26:11,Mindfulness exercises for stress relief
2024-02-22 7:35:46,DIY craft ideas for a rainy day
2024-02-22 15:17:44,Financial literacy for young adults
2024-02-22 20:21:21,Virtual reality experiences changing entertainment industry
2024-02-23 17:20:25,DIY skincare using ingredients from your kitchen
2024-02-24 0:04:47,Tips for organizing a virtual book club
2024-02-24 1:19:50,How to make your own homemade skincare products
2024-02-24 10:39:22,Quick and healthy breakfast ideas for busy mornings
2024-02-24 12:28:49,DIY home decor projects using recycled materials
2024-02-25 5:17:11,Best apps for learning a new musical instrument
2024-02-25 8:23:36,Best strategies for managing stress at work
2024-02-26 8:32:17,How to create a stylish capsule wardrobe
2024-02-26 12:38:56,How to start a journaling habit for self-reflection
2024-02-26 18:04:21,Best ways to repurpose old furniture
2024-02-27 7:03:51,Popular TikTok dance tutorials
2024-02-27 8:15:28,Essential items for a cozy winter night
2024-02-27 14:32:36,Evaluating ethical considerations in investigative journalism
2024-02-27 21:40:14,Quick and healthy breakfast ideas for weight loss
2024-02-28 5:21:49,Best podcasts for daily inspiration
2024-02-28 14:30:22,Best ways to relax and unwind after a stressful day
2024-03-01 0:23:01,Best ways to save money on groceries
2024-03-01 0:27:18,Audio production tools creating compelling podcast episodes
2024-03-01 2:01:12,Tips for improving your smartphone photography skills
2024-03-01 3:09:35,Global water scarcity issues and solutions
2024-03-01 10:30:00,Top 10 trending memes of the week
2024-03-01 14:39:18,How to create a cozy and inviting home atmosphere
2024-03-01 19:04:58,Building mental resilience for high performers
2024-03-02 5:57:16,Easy dinner recipes for busy weeknights
2024-03-02 15:51:38,Funny moments from popular TV sitcoms
2024-03-04 1:06:14,Guide to starting a podcast for beginners
2024-03-04 3:03:55,Guide to planning a weekend getaway on a budget
2024-03-04 3:32:31,Best documentaries on environmental conservation
2024-03-04 11:13:52,Quick and easy dinner recipes for busy evenings
2024-03-04 23:36:59,Mobile journalism equipment for field reporters
2024-03-05 13:19:01,Quick and easy microwave recipes
2024-03-05 22:16:58,Best budget-friendly travel destinations
2024-03-06 6:44:13,DIY home improvement projects for beginners
2024-03-06 6:54:54,Quick and easy hairstyles for busy mornings
2024-03-06 23:44:18,How to start a book club with friends
2024-03-07 3:41:17,Popular online challenges for fitness enthusiasts
2024-03-08 9:02:18,Top 10 must-read science fiction novels
2024-03-08 14:24:14,How to build a budget-friendly home gym
2024-03-09 0:43:59,Creative birthday party ideas for kids
2024-03-09 1:14:49,Overcoming challenges faced by freelance writers
2024-03-09 3:34:57,Top 10 classic video games to revisit
2024-03-09 6:35:45,How to make your own natural cleaning products
2024-03-09 10:51:32,Video editing software producing captivating video stories
2024-03-09 19:17:32,Quick and healthy 15-minute recipes
2024-03-10 11:04:26,DIY organization ideas for small spaces
2024-03-10 14:56:25,Interviews with successful entrepreneurs
2024-03-10 15:23:19,Tips for improving your digital art skills
2024-03-11 20:45:14,Quick and easy lunch ideas for a work-from-home day
2024-03-11 22:57:36,Top 10 classic movies for a cozy movie night
2024-03-12 11:14:13,Quick and easy hairstyles for special occasions
2024-03-12 13:58:51,International cooperation towards sustainable development goals
2024-03-13 4:17:21,How to create a successful online art portfolio
2024-03-13 9:58:12,How to make your own homemade face masks
2024-03-13 21:16:04,Essential items for a beginner's home gym
2024-03-14 7:00:28,Popular online shopping hacks for discounts
2024-03-14 21:39:12,How to create a personalized fitness plan
2024-03-15 9:50:28,DIY home spa day for relaxation
2024-03-15 16:33:27,How to create a DIY home movie night experience
2024-03-15 17:41:37,Strategic communication during crisis situations
2024-03-16 4:11:33,Media censorship concerns around the world
2024-03-17 13:22:35,Popular websites for discovering new music artists
2024-03-18 8:45:08,Human rights violations in authoritarian regimes
2024-03-18 21:44:14,Quick and easy dinner recipes for beginners
2024-03-19 1:10:01,Guide to hosting a successful virtual conference
2024-03-19 2:02:27,How to create a DIY home spa day
2024-03-20 20:55:13,Exploring renewable energy sources for electric vehicles
2024-03-20 21:58:12,Essential items for a well-stocked pantry
2024-03-21 13:00:03,Guide to creating a productive home workspace
2024-03-21 18:52:19,Best ways to unwind after a long day
2024-03-22 4:54:38,Preparation guide for buying a used car
2024-03-22 6:29:56,Top 10 classic rock albums of all time
2024-03-22 12:36:08,DIY tips for organizing digital files on your computer
2024-03-23 1:49:44,Reviews of Tesla Model S
2024-03-23 19:55:56,Understanding supply chain management in manufacturing industries
2024-03-24 6:53:41,Cristiano Ronaldo career highlights
2024-03-24 22:28:51,Funny cat videos for stress relief
2024-03-25 0:23:39,Beautiful flower gardens to visit in Wisconssin
2024-03-25 5:27:22,How to make your own natural cleaning products
2024-03-25 16:06:24,Exploring the health benefits of herbal teas
2024-03-26 8:41:23,Best apps for learning a new instrument
2024-03-26 10:58:31,Quick and easy dinner recipes for one
2024-03-26 14:20:53,Best ways to organize a small closet
2024-03-26 17:12:23,Quick workout routines you can do at home
2024-03-26 22:26:29,Tips for planning a budget-friendly road trip
2024-03-27 0:43:51,Preserving press freedom amidst government surveillance
2024-03-27 1:40:53,Quick and healthy lunch ideas for work
2024-03-27 3:40:38,Delicious smoothie bowl recipes for breakfast
2024-03-27 12:19:09,Inspiring stories of people who overcame adversity
2024-03-27 14:41:59,Best ways to repurpose old furniture items
2024-03-27 15:41:12,How to start a podcast for beginners
2024-03-28 10:54:54,How to take care of Maine coon cats
2024-03-28 18:38:38,How to start a blog about personal finance
2024-03-29 0:35:15,How to tie a tie
2024-03-29 2:16:01,Geopolitical shifts affecting international relations
2024-03-29 16:29:20,Most scenic hiking trails near me
2024-03-29 19:58:10,Funny moments from internet memes
2024-03-30 8:28:55,Hilarious memes related to [pop culture reference]
2024-03-30 16:49:51,Quick and healthy snack ideas for movie night
2024-03-30 17:13:48,Popular online courses for graphic design
2024-03-30 18:33:42,Funny pet memes for a good laugh
2024-03-30 20:15:53,How to start a virtual book club for kids
2024-03-30 20:53:27,DIY home decor projects using upcycled materials
2024-03-31 9:18:26,How to create a workout routine for busy schedules
2024-03-31 10:01:51,How to create a successful morning routine
2024-03-31 10:23:12,Popular online challenges to try at home
2024-03-31 16:18:58,Comparing different types of fitness trackers